{"cameraMode":{"drawMode":0,"name":"Shaded","section":"Shading Mode"},"sceneLighting":false,"audioPlay":false,"sceneViewState":{"showFog":true,"showMaterialUpdate":true,"showSkybox":false,"showFlares":true,"showImageEffects":true,"showParticleSystems":true},"in2DMode":false,"pivot":{"x":-0.30000001192092898,"y":4.980000019073486,"z":0.0},"rotation":{"x":-0.15414543449878694,"y":0.024300899356603624,"z":-0.003792327828705311,"w":-0.9877424240112305},"size":0.8660253882408142,"orthographic":false}